Date,Total_Admissions,White_Admissions,Black_Admissions,Hispanic_Admissions,AmericanIndian_Admissions,Asian_Admissions,Other_Admissions,Total_Releases,White_Releases,Black_Releases,Hispanic_Releases,AmericanIndian_Releases,Asian_Releases,Other_Releases,State,date,year
1/1/2019,1460,588,179,549,118,6,20,1500,578,185,581,123,6,27,Arizona,1/1/2019,2019
2/1/2019,1426,568,174,528,134,6,16,1580,649,211,573,117,8,22,Arizona,2/1/2019,2019
3/1/2019,1355,512,212,484,113,10,24,1334,504,181,525,94,5,25,Arizona,3/1/2019,2019
4/1/2019,1666,662,193,649,131,2,29,1376,529,153,550,109,10,25,Arizona,4/1/2019,2019
5/1/2019,1578,640,190,579,132,5,32,1400,537,180,534,120,6,23,Arizona,5/1/2019,2019
6/1/2019,1658,690,209,597,123,6,33,1598,641,220,583,117,5,32,Arizona,6/1/2019,2019
7/1/2019,1462,559,202,534,126,4,37,1482,564,223,549,115,7,24,Arizona,7/1/2019,2019
8/1/2019,1518,609,200,545,147,4,14,1567,622,214,554,149,4,24,Arizona,8/1/2019,2019
9/1/2019,1662,622,224,619,159,6,32,1469,598,180,563,103,6,19,Arizona,9/1/2019,2019
10/1/2019,1527,581,228,564,116,7,31,1435,553,213,545,99,7,18,Arizona,10/1/2019,2019
11/1/2019,1666,636,223,627,121,10,49,1551,603,206,565,146,7,24,Arizona,11/1/2019,2019
12/1/2019,1326,508,202,486,89,6,35,1427,559,163,559,117,10,19,Arizona,12/1/2019,2019
1/1/2020,1389,548,176,513,110,6,36,1510,611,190,571,101,9,29,Arizona,1/1/2020,2020
2/1/2020,1427,538,183,550,112,6,38,1446,566,203,529,105,9,34,Arizona,2/1/2020,2020
3/1/2020,1201,442,172,467,92,5,23,1341,516,167,520,110,5,23,Arizona,3/1/2020,2020
4/1/2020,1182,468,157,416,97,7,37,1480,591,200,532,123,6,28,Arizona,4/1/2020,2020
5/1/2020,938,354,136,352,76,6,14,1473,567,212,524,132,6,32,Arizona,5/1/2020,2020
6/1/2020,1065,408,162,394,80,4,17,1509,590,243,521,115,13,27,Arizona,6/1/2020,2020
7/1/2020,635,262,81,207,75,3,7,1489,565,198,574,119,4,29,Arizona,7/1/2020,2020
8/1/2020,557,243,58,189,51,2,14,1369,483,192,535,123,5,32,Arizona,8/1/2020,2020
9/1/2020,1117,442,145,413,89,4,24,1303,520,163,498,89,5,28,Arizona,9/1/2020,2020
10/1/2020,996,406,142,346,87,3,12,1255,473,156,506,97,2,21,Arizona,10/1/2020,2020
11/1/2020,975,366,134,355,78,5,37,1374,540,182,512,109,2,29,Arizona,11/1/2020,2020
12/1/2020,892,335,137,316,74,9,21,1246,461,166,495,98,1,25,Arizona,12/1/2020,2020
1/2/2021,959,377,144,336,68,2,32,1369,523,166,546,99,3,32,Arizona,1/1/2021,2021
2/1/2021,886,353,122,313,69,2,27,1221,461,151,477,92,5,35,Arizona,2/1/2021,2021
3/1/2021,864,295,119,360,67,3,20,1285,477,174,486,114,3,31,Arizona,3/1/2021,2021
4/1/2021,1052,369,142,430,74,2,35,1323,499,180,507,116,2,19,Arizona,4/1/2021,2021
5/1/2021,1103,353,163,470,88,5,24,1238,457,186,462,89,8,36,Arizona,5/1/2021,2021
6/1/2021,972,376,135,361,65,3,32,1275,472,177,501,86,6,33,Arizona,6/1/2021,2021
7/1/2021,1145,440,162,419,95,9,20,1457,567,209,523,118,11,29,Arizona,7/1/2021,2021
8/1/2021,1058,388,150,400,90,8,22,1266,468,159,502,105,5,27,Arizona,8/1/2021,2021
9/1/2021,1049,389,150,391,87,6,26,1306,468,187,515,89,14,33,Arizona,9/1/2021,2021
10/1/2021,1093,396,156,427,83,7,24,1172,432,139,474,97,6,24,Arizona,10/1/2021,2021
11/1/2021,912,356,124,334,75,4,19,1679,641,229,631,131,13,34,Arizona,11/1/2021,2021
12/1/2021,888,322,129,335,85,5,12,1329,486,200,512,88,6,37,Arizona,12/1/2021,2021
1/1/2019,80,64,11,0,3,0,2,125,104,8,0,9,0,4,Maine,1/1/2019,2019
2/1/2019,95,86,5,0,0,0,4,122,99,17,0,4,0,2,Maine,2/1/2019,2019
3/1/2019,103,78,6,0,10,2,7,94,80,7,0,3,1,3,Maine,3/1/2019,2019
4/1/2019,91,73,12,0,3,1,2,131,103,13,0,7,2,6,Maine,4/1/2019,2019
5/1/2019,89,69,11,0,3,1,5,134,102,22,0,3,0,7,Maine,5/1/2019,2019
6/1/2019,99,85,5,0,5,0,4,106,80,14,0,5,3,4,Maine,6/1/2019,2019
7/1/2019,91,80,6,0,3,0,2,110,91,13,0,2,1,3,Maine,7/1/2019,2019
8/1/2019,92,72,11,0,1,1,7,116,99,14,0,2,0,1,Maine,8/1/2019,2019
9/1/2019,103,84,11,0,3,0,5,96,74,8,0,6,2,6,Maine,9/1/2019,2019
10/1/2019,79,63,9,0,1,1,5,102,92,7,0,2,0,1,Maine,10/1/2019,2019
11/1/2019,98,78,12,0,4,1,3,113,84,16,0,7,0,6,Maine,11/1/2019,2019
12/1/2019,81,71,6,0,1,1,2,114,94,11,0,3,3,3,Maine,12/1/2019,2019
1/1/2020,96,74,12,0,3,4,3,112,93,12,0,3,0,4,Maine,1/1/2020,2020
2/1/2020,88,69,14,0,1,1,3,98,78,11,0,1,2,6,Maine,2/1/2020,2020
3/1/2020,65,59,3,0,0,0,3,155,131,18,0,4,0,2,Maine,3/1/2020,2020
4/1/2020,12,9,0,0,2,0,1,104,88,10,0,4,0,2,Maine,4/1/2020,2020
5/1/2020,3,2,0,0,0,0,1,116,99,9,0,2,0,6,Maine,5/1/2020,2020
6/1/2020,10,8,1,0,1,0,0,91,74,11,0,2,1,3,Maine,6/1/2020,2020
7/1/2020,69,51,6,0,6,0,6,88,69,11,0,2,1,5,Maine,7/1/2020,2020
8/1/2020,97,75,14,0,4,1,3,91,75,9,0,4,1,2,Maine,8/1/2020,2020
9/1/2020,56,45,6,0,1,0,4,72,62,3,0,3,1,3,Maine,9/1/2020,2020
10/1/2020,61,52,4,0,2,0,3,79,60,8,0,2,2,7,Maine,10/1/2020,2020
11/1/2020,31,27,1,0,1,0,2,77,58,8,0,5,0,6,Maine,11/1/2020,2020
12/1/2020,68,57,8,0,1,0,2,73,57,14,0,1,0,1,Maine,12/1/2020,2020
1/1/2021,37,31,5,0,0,0,1,74,61,6,0,3,0,4,Maine,1/1/2021,2021
2/1/2021,52,46,2,0,1,0,3,70,56,9,0,1,0,4,Maine,2/1/2021,2021
3/1/2021,71,57,10,0,2,1,1,82,68,6,0,3,2,3,Maine,3/1/2021,2021
4/1/2021,36,32,1,0,2,0,1,89,71,11,0,2,1,4,Maine,4/1/2021,2021
5/1/2021,61,47,7,0,2,1,4,72,58,9,0,1,0,4,Maine,5/1/2021,2021
6/1/2021,85,64,11,0,3,0,7,70,57,5,0,3,1,4,Maine,6/1/2021,2021
7/1/2021,78,68,8,0,0,0,2,73,60,7,0,4,0,2,Maine,7/1/2021,2021
8/1/2021,61,51,7,0,1,0,2,78,60,7,0,4,1,6,Maine,8/1/2021,2021
9/1/2021,26,23,1,0,0,0,2,58,52,4,0,0,1,1,Maine,9/1/2021,2021
10/1/2021,83,64,9,0,4,0,6,73,60,6,0,2,0,5,Maine,10/1/2021,2021
11/1/2021,73,59,9,0,1,0,4,60,44,10,0,3,0,3,Maine,11/1/2021,2021
12/1/2021,54,42,4,0,3,0,5,90,76,8,0,3,1,2,Maine,12/1/2021,2021
1/1/2019,646,360,100,107,53,23,3,742,450,129,82,47,30,4,Washington,1/1/2019,2019
2/1/2019,623,374,93,100,33,22,1,650,389,85,104,43,27,2,Washington,2/1/2019,2019
3/1/2019,743,454,99,121,41,23,5,634,373,106,81,45,24,5,Washington,3/1/2019,2019
4/1/2019,666,416,102,74,36,25,13,726,435,110,123,33,23,2,Washington,4/1/2019,2019
5/1/2019,709,431,96,109,41,21,11,704,426,103,101,53,20,1,Washington,5/1/2019,2019
6/1/2019,581,372,78,82,36,10,3,595,326,104,93,42,28,2,Washington,6/1/2019,2019
7/1/2019,622,374,104,86,35,22,1,701,407,116,104,46,26,2,Washington,7/1/2019,2019
8/1/2019,647,380,86,117,44,19,1,632,386,94,96,35,16,5,Washington,8/1/2019,2019
9/1/2019,550,311,96,94,29,20,0,699,430,109,92,36,29,3,Washington,9/1/2019,2019
10/1/2019,721,425,91,126,42,36,1,667,433,91,92,28,19,4,Washington,10/1/2019,2019
11/1/2019,595,359,87,91,38,16,4,589,369,97,75,23,18,7,Washington,11/1/2019,2019
12/1/2019,579,341,90,82,43,23,0,639,406,83,89,31,23,7,Washington,12/1/2019,2019
1/1/2020,624,350,94,103,40,28,9,655,400,98,92,35,23,7,Washington,1/1/2020,2020
2/1/2020,597,343,92,105,34,20,3,592,374,98,74,32,13,1,Washington,2/1/2020,2020
3/1/2020,600,352,76,109,35,23,5,628,386,85,100,32,21,4,Washington,3/1/2020,2020
4/1/2020,293,171,39,53,21,9,0,965,576,148,146,57,32,6,Washington,4/1/2020,2020
5/1/2020,292,167,39,48,26,11,1,447,268,63,75,24,15,2,Washington,5/1/2020,2020
6/1/2020,263,162,41,39,10,11,0,519,325,84,64,25,18,3,Washington,6/1/2020,2020
7/1/2020,313,177,47,53,19,15,2,635,411,74,100,33,16,1,Washington,7/1/2020,2020
8/1/2020,338,212,36,55,24,9,2,581,363,83,73,39,19,4,Washington,8/1/2020,2020
9/1/2020,385,211,51,76,25,19,3,584,336,84,99,42,18,5,Washington,9/1/2020,2020
10/1/2020,495,306,67,84,26,10,2,600,359,76,81,45,34,5,Washington,10/1/2020,2020
11/1/2020,400,222,65,72,24,16,1,521,306,83,81,32,15,4,Washington,11/1/2020,2020
12/1/2020,237,121,37,46,23,9,1,579,363,82,79,26,28,1,Washington,12/1/2020,2020
1/1/2021,414,245,51,78,28,11,1,549,343,85,68,35,14,4,Washington,1/1/2021,2021
2/1/2021,344,204,57,55,14,11,3,488,290,82,73,27,12,4,Washington,2/1/2021,2021
3/1/2021,404,234,55,78,22,14,1,600,348,82,107,39,22,2,Washington,3/1/2021,2021
4/1/2021,402,212,65,76,32,14,3,630,381,102,85,37,22,3,Washington,4/1/2021,2021
5/1/2021,423,257,52,70,19,23,2,555,341,80,77,39,16,2,Washington,5/1/2021,2021
6/1/2021,345,196,64,55,15,9,6,632,374,115,80,42,19,2,Washington,6/1/2021,2021
7/1/2021,397,232,50,80,23,10,2,569,321,100,87,36,22,3,Washington,7/1/2021,2021
8/1/2021,407,237,53,81,25,11,0,506,284,93,72,38,17,2,Washington,8/1/2021,2021
9/1/2021,368,211,61,65,24,6,1,486,282,67,76,33,26,2,Washington,9/1/2021,2021
10/1/2021,290,163,46,43,21,14,3,420,248,65,63,25,19,0,Washington,10/1/2021,2021
11/1/2021,479,264,85,85,27,16,2,451,256,75,68,34,17,1,Washington,11/1/2021,2021
12/1/2021,352,197,57,69,18,9,2,463,262,54,89,40,16,2,Washington,12/1/2021,2021
1/1/2019,772,432,279,0,49,11,0,778,435,283,0,48,10,0,Wisconsin,1/1/2019,2019
2/1/2019,772,432,279,0,49,11,0,778,435,283,0,48,10,0,Wisconsin,2/1/2019,2019
3/1/2019,772,432,279,0,49,11,0,778,435,283,0,48,10,0,Wisconsin,3/1/2019,2019
4/1/2019,772,432,279,0,49,11,0,778,435,283,0,48,10,0,Wisconsin,4/1/2019,2019
5/1/2019,772,432,279,0,49,11,0,778,435,283,0,48,10,0,Wisconsin,5/1/2019,2019
6/1/2019,772,432,279,0,49,11,0,778,435,283,0,48,10,0,Wisconsin,6/1/2019,2019
7/1/2019,772,432,279,0,49,11,0,778,435,283,0,48,10,0,Wisconsin,7/1/2019,2019
8/1/2019,772,432,279,0,49,11,0,778,435,283,0,48,10,0,Wisconsin,8/1/2019,2019
9/1/2019,772,432,279,0,49,11,0,778,435,283,0,48,10,0,Wisconsin,9/1/2019,2019
10/1/2019,772,432,279,0,49,11,0,778,435,283,0,48,10,0,Wisconsin,10/1/2019,2019
11/1/2019,772,432,279,0,49,11,0,778,435,283,0,48,10,0,Wisconsin,11/1/2019,2019
12/1/2019,772,432,279,0,49,11,0,778,435,283,0,48,10,0,Wisconsin,12/1/2019,2019
1/1/2020,710,386,269,0,45,9,0,848,492,281,0,66,11,0,Wisconsin,1/1/2020,2020
2/1/2020,687,373,260,0,44,8,0,847,491,281,0,64,11,0,Wisconsin,2/1/2020,2020
3/1/2020,665,361,252,0,42,8,0,847,491,281,0,64,11,0,Wisconsin,3/1/2020,2020
4/1/2020,68,38,26,0,6,2,1,847,491,281,0,64,11,0,Wisconsin,4/1/2020,2020
5/1/2020,42,15,27,0,0,0,0,581,334,211,0,29,7,0,Wisconsin,5/1/2020,2020
6/1/2020,390,237,115,0,32,6,0,831,475,301,0,42,12,1,Wisconsin,6/1/2020,2020
7/1/2020,716,409,238,0,52,14,3,686,361,278,0,38,8,1,Wisconsin,7/1/2020,2020
8/1/2020,568,333,192,0,37,5,1,603,327,237,0,33,5,1,Wisconsin,8/1/2020,2020
9/1/2020,481,253,184,0,38,6,0,795,420,307,0,57,10,1,Wisconsin,9/1/2020,2020
10/1/2020,540,292,202,0,36,10,0,692,396,254,0,39,3,0,Wisconsin,10/1/2020,2020
11/1/2020,238,124,94,0,15,5,0,597,299,262,0,28,8,0,Wisconsin,11/1/2020,2020
12/1/2020,291,181,78,0,30,2,0,720,392,279,0,43,6,0,Wisconsin,12/1/2020,2020
1/1/2021,282,137,122,0,19,4,0,516,275,200,0,31,10,0,Wisconsin,1/1/2021,2021
2/1/2021,281,146,111,0,22,2,0,552,306,213,0,28,5,0,Wisconsin,2/1/2021,2021
3/1/2021,510,278,161,0,65,6,0,665,340,275,0,35,15,0,Wisconsin,3/1/2021,2021
4/1/2021,545,287,203,0,52,3,0,551,293,218,0,32,8,0,Wisconsin,4/1/2021,2021
5/1/2021,529,242,223,0,49,14,1,567,307,215,0,34,11,0,Wisconsin,5/1/2021,2021
6/1/2021,610,352,212,0,40,6,0,619,315,246,0,48,10,0,Wisconsin,6/1/2021,2021
7/1/2021,716,385,261,0,59,11,0,511,266,201,0,34,10,0,Wisconsin,7/1/2021,2021
8/1/2021,843,458,327,0,48,10,0,618,311,258,0,43,5,1,Wisconsin,8/1/2021,2021
9/1/2021,836,456,302,0,64,14,0,521,272,206,0,35,8,0,Wisconsin,9/1/2021,2021
10/1/2021,611,357,217,0,30,7,0,544,282,225,0,27,9,1,Wisconsin,10/1/2021,2021
11/1/2021,525,294,184,0,35,11,1,652,333,278,0,32,8,1,Wisconsin,11/1/2021,2021
12/1/2021,484,280,165,0,32,7,0,582,298,246,0,32,6,0,Wisconsin,12/1/2021,2021
1/1/2019,366,309,52,2,1,0,2,355,315,35,3,0,0,2,West Virginia,1/1/2019,2019
2/1/2019,283,247,34,2,0,0,0,328,278,42,2,0,0,6,West Virginia,2/1/2019,2019
3/1/2019,387,343,39,2,0,0,3,331,284,42,1,0,0,4,West Virginia,3/1/2019,2019
4/1/2019,314,277,31,3,0,1,2,344,286,50,3,1,1,3,West Virginia,4/1/2019,2019
5/1/2019,369,310,51,1,0,0,7,335,287,44,2,0,0,2,West Virginia,5/1/2019,2019
6/1/2019,309,267,39,0,0,0,3,286,250,31,1,1,2,1,West Virginia,6/1/2019,2019
7/1/2019,320,275,38,5,1,0,1,355,307,43,1,0,0,4,West Virginia,7/1/2019,2019
8/1/2019,321,280,36,2,0,0,3,256,220,34,0,0,0,2,West Virginia,8/1/2019,2019
9/1/2019,258,221,33,0,0,0,4,289,250,35,2,0,0,2,West Virginia,9/1/2019,2019
10/1/2019,435,387,47,0,0,0,1,340,296,41,1,0,0,2,West Virginia,10/1/2019,2019
11/1/2019,270,227,39,1,0,1,2,281,235,40,5,0,0,1,West Virginia,11/1/2019,2019
12/1/2019,262,232,25,3,0,1,1,268,238,29,0,0,0,1,West Virginia,12/1/2019,2019
1/1/2020,363,315,42,1,1,0,4,305,266,32,2,0,1,4,West Virginia,1/1/2020,2020
2/1/2020,290,246,40,0,1,0,3,265,224,35,1,0,2,3,West Virginia,2/1/2020,2020
3/1/2020,177,147,29,1,0,0,0,319,267,44,3,2,0,2,West Virginia,3/1/2020,2020
4/1/2020,1,1,0,0,0,0,0,370,329,38,0,0,1,2,West Virginia,4/1/2020,2020
5/1/2020,3,3,0,0,0,0,0,308,274,29,2,0,0,3,West Virginia,5/1/2020,2020
6/1/2020,1,1,0,0,0,0,0,325,285,38,0,1,0,1,West Virginia,6/1/2020,2020
7/1/2020,4,3,1,0,0,0,0,335,285,46,2,0,0,2,West Virginia,7/1/2020,2020
8/1/2020,138,117,14,2,0,1,4,225,202,21,2,0,0,0,West Virginia,8/1/2020,2020
9/1/2020,175,142,29,2,0,0,2,245,210,30,2,1,1,1,West Virginia,9/1/2020,2020
10/1/2020,156,132,22,0,0,0,2,247,221,21,1,0,0,4,West Virginia,10/1/2020,2020
11/1/2020,185,167,16,0,0,0,2,201,179,21,0,0,1,0,West Virginia,11/1/2020,2020
12/1/2020,7,5,2,0,0,0,0,197,167,27,1,0,0,2,West Virginia,12/1/2020,2020
1/1/2021,206,182,19,1,0,1,3,260,232,25,0,0,0,3,West Virginia,1/1/2021,2021
2/1/2021,116,96,18,2,0,0,0,208,185,22,0,0,0,1,West Virginia,2/1/2021,2021
3/1/2021,324,292,25,3,0,0,4,342,300,36,3,0,0,3,West Virginia,3/1/2021,2021
4/1/2021,234,207,27,0,0,0,0,254,230,22,0,0,0,2,West Virginia,4/1/2021,2021
5/1/2021,568,481,77,3,0,1,6,295,261,30,2,0,0,2,West Virginia,5/1/2021,2021
6/1/2021,450,401,42,5,0,0,2,288,256,26,2,0,0,4,West Virginia,6/1/2021,2021
7/1/2021,271,251,19,0,0,0,1,347,308,36,0,1,0,2,West Virginia,7/1/2021,2021
8/1/2021,275,239,30,3,0,0,3,363,320,38,3,0,0,2,West Virginia,8/1/2021,2021
9/1/2021,107,84,22,0,1,0,0,358,302,49,1,0,1,5,West Virginia,9/1/2021,2021
10/1/2021,292,250,35,2,2,0,3,335,289,39,2,1,1,3,West Virginia,10/1/2021,2021
11/1/2021,299,256,36,3,2,0,2,361,306,46,4,0,1,4,West Virginia,11/1/2021,2021
12/1/2021,204,185,15,2,0,0,2,322,286,32,2,0,1,1,West Virginia,12/1/2021,2021
1/1/2019,342,202,22,76,17,9,16,331,232,20,49,18,12,0,Utah,1/1/2019,2019
2/1/2019,293,177,18,65,13,11,9,288,194,11,60,18,4,1,Utah,2/1/2019,2019
3/1/2019,385,249,24,66,22,13,11,304,207,21,50,16,6,4,Utah,3/1/2019,2019
4/1/2019,344,227,27,52,19,11,8,363,227,23,83,16,12,2,Utah,4/1/2019,2019
5/1/2019,360,222,24,68,25,6,15,358,246,10,75,17,7,3,Utah,5/1/2019,2019
6/1/2019,336,219,21,52,26,8,10,347,225,23,57,30,8,4,Utah,6/1/2019,2019
7/1/2019,370,223,33,70,19,15,10,381,250,40,60,20,9,2,Utah,7/1/2019,2019
8/1/2019,376,232,29,67,26,11,11,297,181,27,67,10,11,1,Utah,8/1/2019,2019
9/1/2019,315,205,17,53,19,9,12,321,211,22,59,14,12,3,Utah,9/1/2019,2019
10/1/2019,344,203,30,62,20,9,20,356,230,25,60,29,9,3,Utah,10/1/2019,2019
11/1/2019,270,161,15,44,24,8,18,346,241,21,57,18,8,1,Utah,11/1/2019,2019
12/1/2019,322,203,28,45,20,11,15,348,228,19,69,12,15,5,Utah,12/1/2019,2019
1/1/2020,363,214,25,66,29,11,18,389,239,26,83,30,8,3,Utah,1/1/2020,2020
2/1/2020,301,199,14,53,19,7,9,361,243,19,64,21,11,3,Utah,2/1/2020,2020
3/1/2020,312,191,21,60,22,8,10,514,327,45,96,28,12,6,Utah,3/1/2020,2020
4/1/2020,182,108,10,34,13,7,10,538,329,44,109,30,18,8,Utah,4/1/2020,2020
5/1/2020,189,99,14,45,14,12,5,388,252,24,59,25,16,12,Utah,5/1/2020,2020
6/1/2020,200,123,25,28,14,6,4,381,244,22,68,30,10,7,Utah,6/1/2020,2020
7/1/2020,265,155,24,51,21,11,3,260,157,18,50,18,7,10,Utah,7/1/2020,2020
8/1/2020,217,131,20,42,15,7,2,203,125,15,38,12,6,7,Utah,8/1/2020,2020
9/1/2020,247,146,25,52,16,5,3,291,173,22,53,25,10,8,Utah,9/1/2020,2020
10/1/2020,249,161,16,43,18,8,3,249,147,18,49,18,7,10,Utah,10/1/2020,2020
11/1/2020,97,66,3,14,11,3,0,258,141,23,58,21,9,6,Utah,11/1/2020,2020
12/1/2020,324,203,28,63,17,8,5,338,218,24,53,20,17,6,Utah,12/1/2020,2020
1/1/2021,237,139,26,45,23,3,1,211,126,12,43,15,12,3,Utah,1/1/2021,2021
2/1/2021,292,186,26,53,17,6,4,222,127,17,40,22,8,8,Utah,2/1/2021,2021
3/1/2021,342,202,30,72,27,8,3,322,202,32,51,25,9,3,Utah,3/1/2021,2021
4/1/2021,278,177,19,55,19,6,2,216,123,15,45,23,2,8,Utah,4/1/2021,2021
5/1/2021,302,182,27,57,22,9,5,236,165,10,42,13,3,3,Utah,5/1/2021,2021
6/1/2021,369,219,28,65,28,16,13,268,162,22,54,22,4,4,Utah,6/1/2021,2021
7/1/2021,306,188,16,67,19,9,7,246,151,16,55,16,7,1,Utah,7/1/2021,2021
8/1/2021,271,157,20,46,27,11,10,334,222,25,43,32,9,3,Utah,8/1/2021,2021
9/1/2021,309,179,19,69,28,10,4,234,139,13,39,30,8,5,Utah,9/1/2021,2021
10/1/2021,311,181,26,66,18,11,9,268,170,18,45,17,8,10,Utah,10/1/2021,2021
11/1/2021,274,166,21,51,23,7,6,352,211,27,70,25,13,6,Utah,11/1/2021,2021
12/1/2021,331,191,24,71,24,7,14,253,138,24,59,22,7,3,Utah,12/1/2021,2021
1/1/2019,5002,2090,1386,1504,0,0,22,5850,2266,1608,1948,0,0,28,Texas,1/1/2019,2019
2/1/2019,5528,2339,1459,1697,0,0,33,5932,2348,1656,1896,0,0,32,Texas,2/1/2019,2019
3/1/2019,5555,2219,1516,1798,0,0,22,5901,2318,1616,1935,0,0,32,Texas,3/1/2019,2019
4/1/2019,5643,2284,1486,1846,0,0,27,5779,2294,1598,1871,0,0,16,Texas,4/1/2019,2019
5/1/2019,5062,2105,1264,1663,0,0,30,5437,2104,1481,1828,0,0,24,Texas,5/1/2019,2019
6/1/2019,4961,1999,1306,1631,0,0,25,5902,2371,1619,1882,0,0,30,Texas,6/1/2019,2019
7/1/2019,5402,2250,1396,1724,0,0,32,5762,2330,1542,1870,0,0,20,Texas,7/1/2019,2019
8/1/2019,4945,1975,1336,1606,0,0,28,5159,2043,1430,1662,0,0,24,Texas,8/1/2019,2019
9/1/2019,6200,2473,1649,2043,0,0,35,5903,2391,1602,1885,0,0,25,Texas,9/1/2019,2019
10/1/2019,4689,1975,1240,1447,0,0,27,5071,2050,1348,1636,0,0,37,Texas,10/1/2019,2019
11/1/2019,4477,1776,1176,1498,0,0,27,5023,2045,1293,1657,0,0,28,Texas,11/1/2019,2019
12/1/2019,4908,2028,1331,1531,0,0,18,5657,2269,1542,1805,0,0,41,Texas,12/1/2019,2019
1/1/2020,4698,1882,1274,1520,0,0,22,5140,2072,1412,1634,0,0,22,Texas,1/1/2020,2020
2/1/2020,5278,2145,1422,1679,0,0,32,5626,2202,1523,1876,0,0,25,Texas,2/1/2020,2020
3/1/2020,683,303,145,233,0,0,2,4979,1938,1320,1687,0,0,34,Texas,3/1/2020,2020
4/1/2020,94,35,30,26,0,0,3,4475,1763,1239,1457,0,0,16,Texas,4/1/2020,2020
5/1/2020,98,32,38,26,0,0,2,5010,1969,1392,1615,0,0,34,Texas,5/1/2020,2020
6/1/2020,1695,741,411,534,0,0,9,4132,1586,1130,1397,0,0,19,Texas,6/1/2020,2020
7/1/2020,1782,816,449,513,0,0,4,4859,1851,1353,1633,0,0,22,Texas,7/1/2020,2020
8/1/2020,3987,1692,1085,1189,0,0,21,4438,1753,1234,1429,0,0,22,Texas,8/1/2020,2020
9/1/2020,5728,2333,1470,1902,0,0,23,4222,1660,1180,1361,0,0,21,Texas,9/1/2020,2020
10/1/2020,3463,1506,871,1069,0,0,17,3779,1446,1056,1254,0,0,23,Texas,10/1/2020,2020
11/1/2020,3145,1336,757,1033,0,0,19,4188,1617,1196,1359,0,0,16,Texas,11/1/2020,2020
12/1/2020,2691,1118,696,860,0,0,17,4016,1561,1138,1290,0,0,27,Texas,12/1/2020,2020
1/1/2021,2168,872,528,750,0,0,18,3883,1473,1092,1297,0,0,21,Texas,1/1/2021,2021
2/1/2021,3510,1486,889,1116,0,0,19,3873,1467,1105,1267,0,0,34,Texas,2/1/2021,2021
3/1/2021,3185,1275,819,1076,0,0,15,3749,1498,973,1254,0,0,24,Texas,3/1/2021,2021
4/1/2021,4167,1777,1021,1344,0,0,25,3277,1274,928,1062,0,0,13,Texas,4/1/2021,2021
5/1/2021,4142,1565,1101,1453,0,0,23,3850,1502,1061,1266,0,0,21,Texas,5/1/2021,2021
6/1/2021,3919,1613,995,1290,0,0,21,3775,1471,993,1288,0,0,23,Texas,6/1/2021,2021
7/1/2021,3377,1339,883,1133,0,0,22,3645,1451,999,1178,0,0,17,Texas,7/1/2021,2021
8/1/2021,3754,1509,989,1224,0,0,32,3854,1570,1039,1226,0,0,19,Texas,8/1/2021,2021
9/1/2021,3644,1441,908,1272,0,0,23,3891,1519,1066,1281,0,0,25,Texas,9/1/2021,2021
10/1/2021,5117,1923,1472,1687,0,0,35,3825,1566,1011,1214,0,0,34,Texas,10/1/2021,2021
11/1/2021,4677,1915,1273,1467,0,0,22,4247,1740,1168,1314,0,0,25,Texas,11/1/2021,2021
12/1/2021,2825,1230,729,856,0,0,10,3594,1439,987,1153,0,0,15,Texas,12/1/2021,2021
1/1/2019,313,244,28,27,8,6,0,421,316,43,38,15,8,1,Oregon,1/1/2019,2019
2/1/2019,371,274,31,42,15,5,4,389,289,36,45,15,3,1,Oregon,2/1/2019,2019
3/1/2019,428,311,41,48,18,4,6,422,319,33,42,16,12,0,Oregon,3/1/2019,2019
4/1/2019,284,211,37,22,12,2,0,414,324,25,47,13,5,0,Oregon,4/1/2019,2019
5/1/2019,331,270,16,31,9,4,1,436,326,36,53,15,6,0,Oregon,5/1/2019,2019
6/1/2019,455,336,49,50,15,3,2,376,294,28,39,14,1,0,Oregon,6/1/2019,2019
7/1/2019,447,328,40,58,16,3,2,435,330,46,45,6,2,6,Oregon,7/1/2019,2019
8/1/2019,392,317,29,28,11,6,1,442,336,34,45,19,8,0,Oregon,8/1/2019,2019
9/1/2019,419,328,39,31,16,5,0,393,300,42,39,4,7,1,Oregon,9/1/2019,2019
10/1/2019,472,337,41,58,24,10,2,416,312,34,49,17,4,0,Oregon,10/1/2019,2019
11/1/2019,324,250,21,33,15,5,0,400,305,31,41,18,4,1,Oregon,11/1/2019,2019
12/1/2019,335,263,22,29,13,6,2,462,346,40,49,16,9,2,Oregon,12/1/2019,2019
1/1/2020,337,261,33,30,8,5,0,400,288,51,43,12,5,1,Oregon,1/1/2020,2020
2/1/2020,489,342,52,71,14,5,5,430,322,36,53,16,1,2,Oregon,2/1/2020,2020
3/1/2020,279,232,21,21,2,3,0,384,290,33,39,14,5,3,Oregon,3/1/2020,2020
4/1/2020,275,213,25,26,7,4,0,380,278,33,47,11,9,2,Oregon,4/1/2020,2020
5/1/2020,390,317,27,37,6,2,1,378,283,38,39,12,4,2,Oregon,5/1/2020,2020
6/1/2020,396,301,34,39,16,5,1,414,320,32,39,16,7,0,Oregon,6/1/2020,2020
7/1/2020,284,240,18,17,6,2,1,504,389,42,53,13,4,3,Oregon,7/1/2020,2020
8/1/2020,349,267,33,33,13,3,0,406,287,45,56,16,0,2,Oregon,8/1/2020,2020
9/1/2020,367,288,28,33,17,1,0,420,332,34,38,9,6,1,Oregon,9/1/2020,2020
10/1/2020,421,311,44,55,8,3,0,415,299,32,52,21,10,1,Oregon,10/1/2020,2020
11/1/2020,320,251,22,34,12,1,0,411,300,49,45,8,6,3,Oregon,11/1/2020,2020
12/1/2020,348,272,34,32,7,3,0,559,414,40,74,23,8,0,Oregon,12/1/2020,2020
1/1/2021,357,282,32,31,10,2,0,361,281,27,41,10,2,0,Oregon,1/1/2021,2021
2/1/2021,416,309,56,37,6,7,1,422,323,36,44,12,6,1,Oregon,2/1/2021,2021
3/1/2021,273,211,23,27,7,5,0,401,317,25,45,9,4,1,Oregon,3/1/2021,2021
4/1/2021,298,229,24,30,9,6,0,430,317,45,44,19,4,1,Oregon,4/1/2021,2021
5/1/2021,338,248,27,46,11,5,1,345,266,27,40,12,0,0,Oregon,5/1/2021,2021
6/1/2021,415,311,42,40,14,6,2,339,264,25,35,9,4,2,Oregon,6/1/2021,2021
7/1/2021,300,256,15,23,5,1,0,326,259,26,26,11,2,2,Oregon,7/1/2021,2021
8/1/2021,375,294,31,39,7,3,1,295,218,33,30,6,7,1,Oregon,8/1/2021,2021
9/1/2021,447,341,37,54,12,1,2,287,229,31,23,4,0,0,Oregon,9/1/2021,2021
10/1/2021,454,353,37,46,14,4,0,309,238,24,36,7,4,0,Oregon,10/1/2021,2021
11/1/2021,308,245,21,25,11,3,3,325,234,37,33,16,4,1,Oregon,11/1/2021,2021
12/1/2021,296,219,26,38,9,4,0,339,245,40,34,14,3,3,Oregon,12/1/2021,2021
1/1/2019,247,150,55,32,0,1,0,237,151,51,23,0,2,0,Nebraska,1/1/2019,2019
2/1/2019,241,139,58,25,0,2,0,228,118,63,30,0,0,0,Nebraska,2/1/2019,2019
3/1/2019,243,137,58,27,0,1,0,229,140,56,22,0,5,0,Nebraska,3/1/2019,2019
4/1/2019,277,156,55,41,0,3,0,259,158,63,21,0,1,0,Nebraska,4/1/2019,2019
5/1/2019,232,134,57,30,0,0,0,242,143,59,26,0,1,0,Nebraska,5/1/2019,2019
6/1/2019,249,150,49,31,0,1,0,251,139,59,35,0,2,0,Nebraska,6/1/2019,2019
7/1/2019,244,133,56,31,0,4,0,232,123,58,31,0,0,0,Nebraska,7/1/2019,2019
8/1/2019,282,164,72,33,0,1,0,242,145,54,30,0,0,0,Nebraska,8/1/2019,2019
9/1/2019,246,145,53,26,0,0,0,240,147,54,27,0,0,0,Nebraska,9/1/2019,2019
10/1/2019,304,168,82,37,0,2,0,216,129,40,28,0,2,0,Nebraska,10/1/2019,2019
11/1/2019,251,126,69,38,0,0,0,236,123,63,27,0,1,0,Nebraska,11/1/2019,2019
12/1/2019,240,139,55,30,0,3,0,254,158,61,24,0,1,0,Nebraska,12/1/2019,2019
1/1/2020,251,151,47,35,0,1,0,272,166,53,36,0,0,0,Nebraska,1/1/2020,2020
2/1/2020,257,146,60,24,0,4,0,219,126,54,32,0,2,0,Nebraska,2/1/2020,2020
3/1/2020,233,124,56,31,0,1,0,279,169,67,22,0,2,0,Nebraska,3/1/2020,2020
4/1/2020,179,100,41,18,0,1,0,268,151,53,42,0,2,0,Nebraska,4/1/2020,2020
5/1/2020,185,115,34,20,0,1,0,264,143,62,41,0,2,0,Nebraska,5/1/2020,2020
6/1/2020,206,123,35,32,0,3,0,261,150,55,34,0,0,0,Nebraska,6/1/2020,2020
7/1/2020,185,118,34,22,0,2,0,263,150,54,37,0,1,0,Nebraska,7/1/2020,2020
8/1/2020,211,121,50,33,0,0,0,258,150,55,28,0,2,0,Nebraska,8/1/2020,2020
9/1/2020,225,133,44,29,0,5,0,199,110,46,28,0,1,0,Nebraska,9/1/2020,2020
10/1/2020,213,119,49,22,0,1,0,205,113,49,22,0,3,0,Nebraska,10/1/2020,2020
11/1/2020,215,111,58,30,0,0,0,215,129,54,19,0,4,0,Nebraska,11/1/2020,2020
12/1/2020,212,125,47,27,0,0,0,242,151,60,19,0,1,0,Nebraska,12/1/2020,2020
1/1/2021,216,124,37,33,0,7,0,230,127,51,36,0,3,0,Nebraska,1/1/2021,2021
2/1/2021,228,118,49,28,0,1,0,191,106,45,23,0,3,0,Nebraska,2/1/2021,2021
3/1/2021,244,138,58,25,0,1,0,224,130,50,25,0,3,0,Nebraska,3/1/2021,2021
4/1/2021,221,123,50,30,0,1,0,230,140,47,25,0,2,0,Nebraska,4/1/2021,2021
5/1/2021,221,108,59,28,0,2,0,169,88,30,30,0,1,0,Nebraska,5/1/2021,2021
6/1/2021,242,132,60,35,0,0,0,202,106,37,40,0,1,0,Nebraska,6/1/2021,2021
7/1/2021,224,142,46,20,0,2,0,200,124,34,26,0,3,0,Nebraska,7/1/2021,2021
8/1/2021,193,100,46,27,0,2,0,204,122,40,30,0,2,0,Nebraska,8/1/2021,2021
9/1/2021,271,142,63,48,0,2,0,183,101,39,29,0,1,0,Nebraska,9/1/2021,2021
10/1/2021,220,125,50,26,0,4,0,206,128,38,22,0,3,0,Nebraska,10/1/2021,2021
11/1/2021,208,105,49,33,0,1,0,193,100,54,25,0,3,0,Nebraska,11/1/2021,2021
12/1/2021,230,128,48,35,0,0,0,207,109,54,23,0,0,0,Nebraska,12/1/2021,2021
1/1/2019,145,93,6,0,44,2,0,123,80,2,0,41,0,0,Montana,1/1/2019,2019
2/1/2019,124,86,0,0,37,1,0,100,70,3,0,26,1,0,Montana,2/1/2019,2019
3/1/2019,130,87,10,0,33,0,0,117,92,2,0,23,0,0,Montana,3/1/2019,2019
4/1/2019,132,90,4,0,38,0,0,113,85,5,0,23,0,0,Montana,4/1/2019,2019
5/1/2019,123,87,5,0,31,0,0,125,76,4,0,45,0,0,Montana,5/1/2019,2019
6/1/2019,126,76,5,0,44,1,0,122,90,3,0,29,0,0,Montana,6/1/2019,2019
7/1/2019,123,84,5,0,33,1,0,116,83,5,0,27,1,0,Montana,7/1/2019,2019
8/1/2019,108,77,1,0,30,0,0,112,84,1,0,27,0,0,Montana,8/1/2019,2019
9/1/2019,108,80,4,0,22,2,0,115,78,1,0,36,0,0,Montana,9/1/2019,2019
10/1/2019,133,87,5,0,41,0,0,131,91,5,0,35,0,0,Montana,10/1/2019,2019
11/1/2019,102,69,3,0,29,1,0,109,76,2,0,31,0,0,Montana,11/1/2019,2019
12/1/2019,110,82,3,0,24,1,0,102,74,1,0,27,0,0,Montana,12/1/2019,2019
1/1/2020,110,79,2,0,28,1,0,111,73,6,0,31,1,0,Montana,1/1/2020,2020
2/1/2020,92,63,4,0,25,0,0,100,68,1,0,30,1,0,Montana,2/1/2020,2020
3/1/2020,73,53,4,0,16,0,0,109,60,4,0,42,3,0,Montana,3/1/2020,2020
4/1/2020,8,3,0,0,5,0,0,87,61,0,0,26,0,0,Montana,4/1/2020,2020
5/1/2020,38,27,2,0,9,0,0,145,106,4,0,35,0,0,Montana,5/1/2020,2020
6/1/2020,79,64,2,0,13,0,0,117,86,3,0,28,0,0,Montana,6/1/2020,2020
7/1/2020,77,55,2,0,19,1,0,109,77,1,0,30,1,0,Montana,7/1/2020,2020
8/1/2020,97,71,2,0,24,0,0,80,51,4,0,25,0,0,Montana,8/1/2020,2020
9/1/2020,108,70,4,0,34,0,0,113,84,3,0,25,1,0,Montana,9/1/2020,2020
10/1/2020,31,15,2,0,14,0,0,72,55,1,0,14,2,0,Montana,10/1/2020,2020
11/1/2020,17,13,0,0,4,0,0,63,46,2,0,15,0,0,Montana,11/1/2020,2020
12/1/2020,57,34,1,0,22,0,0,78,52,1,0,25,0,0,Montana,12/1/2020,2020
1/1/2021,110,68,5,0,37,0,0,83,58,4,0,21,0,0,Montana,1/1/2021,2021
2/1/2021,113,79,1,0,33,0,0,80,52,5,0,23,0,0,Montana,2/1/2021,2021
3/1/2021,87,59,0,0,28,0,0,101,69,5,0,27,0,0,Montana,3/1/2021,2021
4/1/2021,90,66,3,0,21,0,0,90,61,3,0,26,0,0,Montana,4/1/2021,2021
5/1/2021,104,70,3,0,30,1,0,89,61,5,0,23,0,0,Montana,5/1/2021,2021
6/1/2021,120,77,8,0,35,0,0,84,47,8,0,29,0,0,Montana,6/1/2021,2021
7/1/2021,118,85,6,0,27,0,0,81,56,4,0,21,0,0,Montana,7/1/2021,2021
8/1/2021,106,76,6,0,24,0,0,97,69,2,0,26,0,0,Montana,8/1/2021,2021
9/1/2021,69,51,0,0,18,0,0,66,46,0,0,19,1,0,Montana,9/1/2021,2021
10/1/2021,101,80,0,0,21,0,0,64,42,4,0,17,1,0,Montana,10/1/2021,2021
11/1/2021,96,68,5,0,23,0,0,70,55,1,0,13,1,0,Montana,11/1/2021,2021
12/1/2021,109,76,1,0,32,0,0,74,60,2,0,12,0,0,Montana,12/1/2021,2021
1/1/2019,562,340,105,88,0,0,29,545,351,96,71,0,0,27,Massachusetts,1/1/2019,2019
2/1/2019,503,305,103,68,0,0,27,524,312,96,93,0,0,23,Massachusetts,2/1/2019,2019
3/1/2019,591,363,108,83,0,0,37,537,333,114,64,0,0,26,Massachusetts,3/1/2019,2019
4/1/2019,588,350,103,106,0,0,29,582,351,100,89,0,0,42,Massachusetts,4/1/2019,2019
5/1/2019,630,382,118,96,0,0,34,709,427,123,131,0,0,28,Massachusetts,5/1/2019,2019
6/1/2019,651,384,128,107,0,0,32,582,355,111,81,0,0,35,Massachusetts,6/1/2019,2019
7/1/2019,623,382,107,97,0,0,37,704,434,129,115,0,0,26,Massachusetts,7/1/2019,2019
8/1/2019,600,384,100,86,0,0,30,646,395,108,100,0,0,43,Massachusetts,8/1/2019,2019
9/1/2019,652,391,118,103,0,0,40,582,387,84,92,0,0,19,Massachusetts,9/1/2019,2019
10/1/2019,542,329,114,65,0,0,34,756,450,140,110,0,0,56,Massachusetts,10/1/2019,2019
11/1/2019,402,246,64,69,0,0,23,559,307,118,102,0,0,32,Massachusetts,11/1/2019,2019
12/1/2019,340,198,70,53,0,0,19,471,261,96,104,0,0,10,Massachusetts,12/1/2019,2019
1/1/2020,461,252,99,86,0,0,24,450,258,90,78,0,0,24,Massachusetts,1/1/2020,2020
2/1/2020,437,237,77,85,0,0,38,405,223,78,79,0,0,25,Massachusetts,2/1/2020,2020
3/1/2020,256,129,49,50,0,0,28,416,235,71,76,0,0,34,Massachusetts,3/1/2020,2020
4/1/2020,96,60,14,17,0,0,5,526,265,114,117,0,0,30,Massachusetts,4/1/2020,2020
5/1/2020,141,86,36,14,0,0,5,358,171,101,77,0,0,9,Massachusetts,5/1/2020,2020
6/1/2020,172,105,24,35,0,0,8,366,176,80,99,0,0,11,Massachusetts,6/1/2020,2020
7/1/2020,315,199,51,53,0,0,12,340,173,73,81,0,0,13,Massachusetts,7/1/2020,2020
8/1/2020,270,156,48,53,0,0,13,316,166,62,70,0,0,18,Massachusetts,8/1/2020,2020
9/1/2020,289,153,54,69,0,0,13,381,220,73,75,0,0,13,Massachusetts,9/1/2020,2020
10/1/2020,320,173,60,64,0,0,23,428,220,84,107,0,0,17,Massachusetts,10/1/2020,2020
11/1/2020,241,140,44,44,0,0,13,305,163,57,78,0,0,7,Massachusetts,11/1/2020,2020
12/1/2020,205,115,44,40,0,0,6,360,180,89,73,0,0,18,Massachusetts,12/1/2020,2020
1/1/2021,214,107,51,43,0,0,13,288,151,53,72,0,0,12,Massachusetts,1/1/2021,2021
2/1/2021,245,125,55,50,0,0,15,307,159,65,69,0,0,14,Massachusetts,2/1/2021,2021
3/1/2021,343,182,63,81,0,0,17,380,199,77,83,0,0,21,Massachusetts,3/1/2021,2021
4/1/2021,318,184,67,41,0,0,26,393,176,94,103,0,0,20,Massachusetts,4/1/2021,2021
5/1/2021,344,207,64,58,0,0,15,349,188,77,67,0,0,17,Massachusetts,5/1/2021,2021
6/1/2021,399,201,88,91,0,0,19,424,233,93,72,0,0,26,Massachusetts,6/1/2021,2021
7/1/2021,406,225,88,68,0,0,25,418,222,101,78,0,0,17,Massachusetts,7/1/2021,2021
8/1/2021,376,207,85,71,0,0,13,437,232,73,101,0,0,31,Massachusetts,8/1/2021,2021
9/1/2021,337,167,76,71,0,0,23,412,226,82,79,0,0,25,Massachusetts,9/1/2021,2021
10/1/2021,346,195,72,56,0,0,23,369,167,105,79,0,0,18,Massachusetts,10/1/2021,2021
11/1/2021,311,161,70,54,0,0,26,397,203,75,83,0,0,25,Massachusetts,11/1/2021,2021
12/1/2021,317,174,60,59,0,0,24,385,197,88,71,0,0,28,Massachusetts,12/1/2021,2021
1/1/2019,1765,1471,256,11,3,2,22,1288,1060,204,10,2,0,12,Kentucky,1/1/2019,2019
2/1/2019,1681,1422,220,14,2,4,19,1495,1252,212,13,0,1,17,Kentucky,2/1/2019,2019
3/1/2019,1739,1427,270,10,1,3,28,1588,1351,209,13,2,0,13,Kentucky,3/1/2019,2019
4/1/2019,1649,1387,230,14,2,5,11,1628,1349,250,9,0,2,18,Kentucky,4/1/2019,2019
5/1/2019,1776,1494,243,16,1,3,19,2081,1693,341,21,2,2,22,Kentucky,5/1/2019,2019
6/1/2019,1587,1331,216,16,1,5,18,1137,978,143,7,0,4,5,Kentucky,6/1/2019,2019
7/1/2019,1575,1308,231,16,3,3,14,1629,1349,237,20,2,4,17,Kentucky,7/1/2019,2019
8/1/2019,1765,1491,239,18,2,1,14,1986,1672,276,16,3,1,18,Kentucky,8/1/2019,2019
9/1/2019,1671,1395,234,18,2,1,21,1255,1040,175,17,2,2,19,Kentucky,9/1/2019,2019
10/1/2019,1663,1393,235,12,2,3,18,1689,1400,246,18,1,5,19,Kentucky,10/1/2019,2019
11/1/2019,1488,1244,207,13,1,1,22,2016,1682,279,18,1,5,31,Kentucky,11/1/2019,2019
12/1/2019,1334,1089,213,9,0,1,22,1970,1694,233,17,3,1,22,Kentucky,12/1/2019,2019
1/1/2020,1669,1391,228,21,0,2,27,1597,1326,238,13,2,1,17,Kentucky,1/1/2020,2020
2/1/2020,1598,1325,241,15,1,1,15,1495,1230,226,14,0,1,24,Kentucky,2/1/2020,2020
3/1/2020,1222,1003,184,17,1,1,16,1322,1100,191,9,1,4,17,Kentucky,3/1/2020,2020
4/1/2020,660,551,90,7,1,0,11,2557,2149,363,17,0,2,26,Kentucky,4/1/2020,2020
5/1/2020,744,634,98,4,0,2,6,1112,930,157,12,1,2,10,Kentucky,5/1/2020,2020
6/1/2020,894,755,128,4,0,0,7,1233,999,205,12,1,4,12,Kentucky,6/1/2020,2020
7/1/2020,903,749,133,9,0,0,12,1397,1140,212,18,1,1,25,Kentucky,7/1/2020,2020
8/1/2020,939,802,121,3,1,0,12,1174,978,173,10,1,1,11,Kentucky,8/1/2020,2020
9/1/2020,1090,925,140,14,1,0,10,1471,1219,216,13,0,2,21,Kentucky,9/1/2020,2020
10/1/2020,1041,860,160,7,1,2,11,1200,968,201,8,1,3,19,Kentucky,10/1/2020,2020
11/1/2020,982,849,106,12,1,2,12,728,583,121,10,2,0,12,Kentucky,11/1/2020,2020
12/1/2020,836,699,114,15,0,0,8,1432,1191,213,9,1,2,16,Kentucky,12/1/2020,2020
1/1/2021,1007,853,129,14,1,2,8,817,685,115,7,1,2,7,Kentucky,1/1/2021,2021
2/1/2021,950,794,137,10,0,1,8,1022,846,155,9,0,4,8,Kentucky,2/1/2021,2021
3/1/2021,1211,1022,157,16,1,1,14,1128,924,179,14,2,1,8,Kentucky,3/1/2021,2021
4/1/2021,1032,856,150,11,1,1,13,1470,1198,239,15,1,1,16,Kentucky,4/1/2021,2021
5/1/2021,1036,845,163,10,0,3,15,745,620,110,6,0,0,9,Kentucky,5/1/2021,2021
6/1/2021,1105,937,141,14,1,4,8,1231,1015,190,10,0,1,15,Kentucky,6/1/2021,2021
7/1/2021,1187,997,168,11,1,1,9,1328,1086,204,17,0,1,20,Kentucky,7/1/2021,2021
8/1/2021,1158,964,164,9,1,2,18,829,672,139,5,1,3,9,Kentucky,8/1/2021,2021
9/1/2021,1291,1049,213,9,2,1,17,1096,895,170,9,0,1,21,Kentucky,9/1/2021,2021
10/1/2021,1262,1053,173,13,2,3,18,1076,892,159,10,1,2,12,Kentucky,10/1/2021,2021
11/1/2021,1241,1044,167,11,1,1,17,1090,913,154,9,1,0,13,Kentucky,11/1/2021,2021
12/1/2021,1098,910,163,8,0,1,16,1343,1091,220,15,0,3,14,Kentucky,12/1/2021,2021
1/1/2019,738,556,165,0,15,2,0,662,492,145,0,21,4,0,Kansas,1/1/2019,2019
2/1/2019,597,449,124,0,20,4,0,599,432,147,0,17,3,0,Kansas,2/1/2019,2019
3/1/2019,685,497,159,0,24,5,0,676,510,145,0,17,4,0,Kansas,3/1/2019,2019
4/1/2019,709,528,162,0,15,4,0,658,473,162,0,18,5,0,Kansas,4/1/2019,2019
5/1/2019,647,462,161,0,20,4,0,719,535,156,0,20,8,0,Kansas,5/1/2019,2019
6/1/2019,584,424,136,0,18,6,0,617,478,116,0,18,5,0,Kansas,6/1/2019,2019
7/1/2019,677,480,166,0,26,5,0,683,486,160,0,30,7,0,Kansas,7/1/2019,2019
8/1/2019,608,436,151,0,17,3,1,655,472,157,0,19,7,0,Kansas,8/1/2019,2019
9/1/2019,562,391,154,0,14,3,0,547,380,146,0,18,3,0,Kansas,9/1/2019,2019
10/1/2019,636,477,132,0,20,7,0,581,410,150,0,16,5,0,Kansas,10/1/2019,2019
11/1/2019,497,372,116,0,6,3,0,556,396,134,0,20,6,0,Kansas,11/1/2019,2019
12/1/2019,554,419,109,0,19,7,0,545,395,134,0,13,2,1,Kansas,12/1/2019,2019
1/1/2020,538,388,129,0,18,3,0,531,385,117,0,25,4,0,Kansas,1/1/2020,2020
2/1/2020,565,400,131,0,27,7,0,557,402,134,0,15,6,0,Kansas,2/1/2020,2020
3/1/2020,517,366,138,0,10,3,0,491,360,113,0,13,5,0,Kansas,3/1/2020,2020
4/1/2020,152,105,36,0,8,3,0,423,313,96,0,11,3,0,Kansas,4/1/2020,2020
5/1/2020,120,97,21,0,2,0,0,415,302,98,0,13,2,0,Kansas,5/1/2020,2020
6/1/2020,181,140,35,0,5,1,0,436,307,113,0,13,3,0,Kansas,6/1/2020,2020
7/1/2020,166,115,48,0,3,0,0,418,293,110,0,14,1,0,Kansas,7/1/2020,2020
8/1/2020,193,148,36,0,6,3,0,348,257,75,0,14,2,0,Kansas,8/1/2020,2020
9/1/2020,265,197,60,0,7,1,0,364,252,95,0,12,5,0,Kansas,9/1/2020,2020
10/1/2020,340,257,65,0,15,3,0,408,292,101,0,13,2,0,Kansas,10/1/2020,2020
11/1/2020,302,229,63,0,8,2,0,307,219,74,0,10,4,0,Kansas,11/1/2020,2020
12/1/2020,442,320,103,0,17,2,0,397,284,103,0,10,0,0,Kansas,12/1/2020,2020
1/1/2021,402,286,98,0,14,4,0,310,229,69,0,10,2,0,Kansas,1/1/2021,2021
2/1/2021,338,246,83,0,8,1,0,332,232,86,0,12,2,0,Kansas,2/1/2021,2021
3/1/2021,393,281,92,0,17,3,0,376,287,82,0,5,2,0,Kansas,3/1/2021,2021
4/1/2021,355,266,65,0,19,2,3,417,306,90,0,15,5,1,Kansas,4/1/2021,2021
5/1/2021,318,230,73,0,10,1,4,349,257,71,0,14,7,0,Kansas,5/1/2021,2021
6/1/2021,316,231,71,0,12,2,0,412,301,90,0,19,2,0,Kansas,6/1/2021,2021
7/1/2021,351,249,87,0,11,3,1,376,277,86,0,9,3,1,Kansas,7/1/2021,2021
8/1/2021,280,203,66,0,6,3,2,362,258,82,0,18,1,3,Kansas,8/1/2021,2021
9/1/2021,396,270,97,0,21,7,1,383,287,81,0,10,4,1,Kansas,9/1/2021,2021
10/1/2021,330,241,71,0,17,1,0,385,276,98,0,8,3,0,Kansas,10/1/2021,2021
11/1/2021,337,246,67,0,22,2,0,380,270,86,0,18,5,1,Kansas,11/1/2021,2021
12/1/2021,369,249,96,0,18,6,0,373,273,89,0,10,1,0,Kansas,12/1/2021,2021
1/1/2019,453,297,110,32,7,7,0,584,407,132,25,15,5,0,Iowa,1/1/2019,2019
2/1/2019,417,286,91,28,12,0,0,456,315,98,27,11,5,0,Iowa,2/1/2019,2019
3/1/2019,452,319,100,21,11,1,0,501,349,106,31,8,7,0,Iowa,3/1/2019,2019
4/1/2019,510,344,123,28,11,4,0,544,370,121,37,15,1,0,Iowa,4/1/2019,2019
5/1/2019,465,332,89,30,8,6,0,603,419,135,29,12,8,0,Iowa,5/1/2019,2019
6/1/2019,376,265,83,15,10,3,0,492,341,106,29,11,5,0,Iowa,6/1/2019,2019
7/1/2019,461,329,93,30,7,2,0,570,410,122,24,11,3,0,Iowa,7/1/2019,2019
8/1/2019,504,351,109,30,11,3,0,602,419,141,26,11,5,0,Iowa,8/1/2019,2019
9/1/2019,434,299,88,26,18,3,0,534,365,118,31,13,7,0,Iowa,9/1/2019,2019
10/1/2019,492,334,110,27,15,6,0,581,406,127,33,9,6,0,Iowa,10/1/2019,2019
11/1/2019,375,265,81,21,5,3,0,447,299,109,27,7,5,0,Iowa,11/1/2019,2019
12/1/2019,435,304,100,24,5,2,0,499,340,113,34,10,2,0,Iowa,12/1/2019,2019
1/1/2020,501,341,113,29,14,4,0,550,374,129,31,13,3,0,Iowa,1/1/2020,2020
2/1/2020,443,294,104,24,17,4,0,488,321,133,22,10,2,0,Iowa,2/1/2020,2020
3/1/2020,420,302,89,18,9,2,0,470,315,110,32,12,1,0,Iowa,3/1/2020,2020
4/1/2020,223,165,45,8,4,1,0,682,475,143,45,16,3,0,Iowa,4/1/2020,2020
5/1/2020,102,63,27,11,1,0,0,551,395,108,28,14,6,0,Iowa,5/1/2020,2020
6/1/2020,344,237,73,14,15,5,0,423,286,93,27,10,7,0,Iowa,6/1/2020,2020
7/1/2020,242,162,48,19,10,3,0,323,237,57,21,6,2,0,Iowa,7/1/2020,2020
8/1/2020,152,112,24,10,3,3,0,289,199,65,13,10,2,0,Iowa,8/1/2020,2020
9/1/2020,340,230,74,20,15,1,0,312,218,70,16,6,2,0,Iowa,9/1/2020,2020
10/1/2020,299,187,70,25,14,3,0,286,198,74,6,6,2,0,Iowa,10/1/2020,2020
11/1/2020,249,159,67,16,5,2,0,222,153,42,15,7,5,0,Iowa,11/1/2020,2020
12/1/2020,325,214,75,29,2,5,0,237,149,61,19,6,2,0,Iowa,12/1/2020,2020
1/1/2021,243,159,54,13,11,6,0,299,200,63,21,11,4,0,Iowa,1/1/2021,2021
2/1/2021,291,208,51,16,9,7,0,232,166,51,11,4,0,0,Iowa,2/1/2021,2021
3/1/2021,335,235,74,15,10,1,0,274,206,52,9,6,1,0,Iowa,3/1/2021,2021
4/1/2021,350,245,64,23,14,4,0,298,204,65,20,6,3,0,Iowa,4/1/2021,2021
5/1/2021,288,205,50,15,14,4,0,302,205,73,13,9,1,0,Iowa,5/1/2021,2021
6/1/2021,337,215,86,20,11,5,0,278,206,45,16,8,3,1,Iowa,6/1/2021,2021
7/1/2021,306,211,65,19,7,4,0,304,214,68,14,8,0,0,Iowa,7/1/2021,2021
8/1/2021,333,223,76,22,8,4,0,297,204,68,15,7,3,0,Iowa,8/1/2021,2021
9/1/2021,343,238,75,16,9,5,0,281,187,71,14,8,1,0,Iowa,9/1/2021,2021
10/1/2021,347,230,83,22,6,5,1,256,172,62,11,6,5,0,Iowa,10/1/2021,2021
11/1/2021,310,207,73,16,8,6,0,207,138,43,19,4,3,0,Iowa,11/1/2021,2021
12/1/2021,323,204,90,21,6,2,0,234,149,63,12,9,0,0,Iowa,12/1/2021,2021
1/1/2019,1434,521,757,141,3,4,8,1594,526,883,173,2,4,6,Illinois,1/1/2019,2019
2/1/2019,1434,521,757,141,3,4,8,1594,526,883,173,2,4,6,Illinois,2/1/2019,2019
3/1/2019,1434,521,757,141,3,4,8,1594,526,883,173,2,4,6,Illinois,3/1/2019,2019
4/1/2019,1487,536,784,153,2,4,8,1533,525,844,153,3,4,4,Illinois,4/1/2019,2019
5/1/2019,1487,536,784,153,2,4,8,1533,525,844,153,3,4,4,Illinois,5/1/2019,2019
6/1/2019,1487,536,784,153,2,4,8,1533,525,844,153,3,4,4,Illinois,6/1/2019,2019
7/1/2019,1484,546,791,137,0,4,6,1571,531,866,163,1,4,6,Illinois,7/1/2019,2019
8/1/2019,1484,546,791,137,0,4,6,1571,531,866,163,1,4,6,Illinois,8/1/2019,2019
9/1/2019,1484,546,791,137,0,4,6,1571,531,866,163,1,4,6,Illinois,9/1/2019,2019
10/1/2019,1334,488,703,132,2,4,5,1592,558,852,168,3,4,7,Illinois,10/1/2019,2019
11/1/2019,1334,488,703,132,2,4,5,1592,558,852,168,3,4,7,Illinois,11/1/2019,2019
12/1/2019,1334,488,703,132,2,4,5,1592,558,852,168,3,4,7,Illinois,12/1/2019,2019
1/1/2020,1204,461,615,122,2,1,3,1615,586,854,164,2,5,4,Illinois,1/1/2020,2020
2/1/2020,1204,461,615,122,2,1,3,1615,586,854,164,2,5,4,Illinois,2/1/2020,2020
3/1/2020,1204,461,615,122,2,1,3,1615,586,854,164,2,5,4,Illinois,3/1/2020,2020
4/1/2020,52,16,33,3,0,0,0,1669,617,860,177,2,5,8,Illinois,4/1/2020,2020
5/1/2020,52,16,33,3,0,0,0,1669,617,860,177,2,5,8,Illinois,5/1/2020,2020
6/1/2020,52,16,33,3,0,0,0,1669,617,860,177,2,5,8,Illinois,6/1/2020,2020
7/1/2020,825,351,393,71,1,1,8,1213,429,650,128,1,4,1,Illinois,7/1/2020,2020
8/1/2020,825,351,393,71,1,1,8,1213,429,650,128,1,4,1,Illinois,8/1/2020,2020
9/1/2020,825,351,393,71,1,1,8,1213,429,650,128,1,4,1,Illinois,9/1/2020,2020
10/1/2020,623,268,290,59,0,2,4,1216,446,628,134,2,2,4,Illinois,10/1/2020,2020
11/1/2020,623,268,290,59,0,2,4,1216,446,628,134,2,2,4,Illinois,11/1/2020,2020
12/1/2020,623,268,290,59,0,2,4,1216,446,628,134,2,2,4,Illinois,12/1/2020,2020
1/1/2021,527,208,257,52,1,0,9,1066,409,541,106,1,3,6,Illinois,1/1/2021,2021
2/1/2021,527,208,257,52,1,0,9,1066,409,541,106,1,3,6,Illinois,2/1/2021,2021
3/1/2021,527,208,257,52,1,0,9,1066,409,541,106,1,3,6,Illinois,3/1/2021,2021
4/1/2021,904,378,434,86,0,3,3,971,367,502,95,1,2,4,Illinois,4/1/2021,2021
5/1/2021,904,378,434,86,0,3,3,971,367,502,95,1,2,4,Illinois,5/1/2021,2021
6/1/2021,904,378,434,86,0,3,3,971,367,502,95,1,2,4,Illinois,6/1/2021,2021
7/1/2021,1203,425,632,134,1,4,7,953,355,487,102,1,3,5,Illinois,7/1/2021,2021
8/1/2021,1203,425,632,134,1,4,7,953,355,487,102,1,3,5,Illinois,8/1/2021,2021
9/1/2021,1203,425,632,134,1,4,7,953,355,487,102,1,3,5,Illinois,9/1/2021,2021
10/1/2021,1039,382,541,107,0,2,7,1103,405,558,129,1,2,8,Illinois,10/1/2021,2021
11/1/2021,1039,382,541,107,0,2,7,1103,405,558,129,1,2,8,Illinois,11/1/2021,2021
12/1/2021,1039,382,541,107,0,2,7,1103,405,558,129,1,2,8,Illinois,12/1/2021,2021
1/1/2019,618,505,12,87,19,0,18,641,505,12,87,19,0,18,Idaho,1/1/2019,2019
2/1/2019,577,391,14,66,17,0,23,511,391,14,66,17,0,23,Idaho,2/1/2019,2019
3/1/2019,545,346,14,59,20,0,15,454,346,14,59,20,0,15,Idaho,3/1/2019,2019
4/1/2019,620,443,10,68,15,0,20,556,443,10,68,15,0,20,Idaho,4/1/2019,2019
5/1/2019,573,395,16,87,22,0,15,534,395,16,87,22,0,15,Idaho,5/1/2019,2019
6/1/2019,514,339,12,56,21,0,18,446,339,12,56,21,0,18,Idaho,6/1/2019,2019
7/1/2019,589,400,12,69,15,0,11,507,400,12,69,15,0,11,Idaho,7/1/2019,2019
8/1/2019,584,412,21,75,16,0,14,539,412,21,75,16,0,14,Idaho,8/1/2019,2019
9/1/2019,544,398,13,64,14,0,12,501,398,13,64,14,0,12,Idaho,9/1/2019,2019
10/1/2019,601,404,18,72,29,0,12,535,404,18,72,29,0,12,Idaho,10/1/2019,2019
11/1/2019,552,374,21,66,26,0,18,505,374,21,66,26,0,18,Idaho,11/1/2019,2019
12/1/2019,558,375,14,75,20,0,15,499,375,14,75,20,0,15,Idaho,12/1/2019,2019
1/1/2020,626,453,10,85,26,0,18,591,453,10,85,26,0,18,Idaho,1/1/2020,2020
2/1/2020,523,389,9,74,22,0,17,511,389,9,74,22,0,17,Idaho,2/1/2020,2020
3/1/2020,436,446,11,83,23,0,18,581,446,11,83,23,0,18,Idaho,3/1/2020,2020
4/1/2020,261,566,29,114,26,0,26,760,566,29,114,26,0,26,Idaho,4/1/2020,2020
5/1/2020,526,541,26,96,24,0,26,713,541,26,96,24,0,26,Idaho,5/1/2020,2020
6/1/2020,517,413,19,86,20,0,27,565,413,19,86,20,0,27,Idaho,6/1/2020,2020
7/1/2020,396,407,13,64,27,0,13,524,407,13,64,27,0,13,Idaho,7/1/2020,2020
8/1/2020,407,441,17,80,27,0,11,576,441,17,80,27,0,11,Idaho,8/1/2020,2020
9/1/2020,461,423,18,83,21,0,17,562,423,18,83,21,0,17,Idaho,9/1/2020,2020
10/1/2020,453,429,15,74,24,0,23,564,429,15,74,24,0,23,Idaho,10/1/2020,2020
11/1/2020,413,370,23,69,32,0,16,509,370,23,69,32,0,16,Idaho,11/1/2020,2020
12/1/2020,572,372,12,68,18,0,12,482,372,12,68,18,0,12,Idaho,12/1/2020,2020
1/1/2021,472,291,16,55,18,0,12,392,291,16,55,18,0,12,Idaho,1/1/2021,2021
2/1/2021,457,270,22,56,12,0,13,373,270,22,56,12,0,13,Idaho,2/1/2021,2021
3/1/2021,560,333,14,66,27,0,13,453,333,14,66,27,0,13,Idaho,3/1/2021,2021
4/1/2021,530,453,16,71,27,0,21,588,453,16,71,27,0,21,Idaho,4/1/2021,2021
5/1/2021,581,386,19,62,12,0,19,498,386,19,62,12,0,19,Idaho,5/1/2021,2021
6/1/2021,532,321,10,61,14,0,14,420,321,10,61,14,0,14,Idaho,6/1/2021,2021
7/1/2021,565,411,21,81,23,0,15,551,411,21,81,23,0,15,Idaho,7/1/2021,2021
8/1/2021,618,436,13,101,29,0,16,595,436,13,101,29,0,16,Idaho,8/1/2021,2021
9/1/2021,526,391,16,69,28,0,18,522,391,16,69,28,0,18,Idaho,9/1/2021,2021
10/1/2021,543,399,17,70,25,0,22,533,399,17,70,25,0,22,Idaho,10/1/2021,2021
11/1/2021,617,411,17,82,22,0,24,556,411,17,82,22,0,24,Idaho,11/1/2021,2021
12/1/2021,613,408,21,67,23,0,20,538,408,21,67,23,0,20,Idaho,12/1/2021,2021
1/1/2019,845,450,119,234,37,4,0,852,435,113,263,30,11,1,Colorado,1/1/2019,2019
2/1/2019,808,385,117,265,36,5,0,749,370,112,227,31,6,2,Colorado,2/1/2019,2019
3/1/2019,781,390,115,239,25,11,1,870,419,120,280,41,9,1,Colorado,3/1/2019,2019
4/1/2019,800,370,128,244,45,11,0,868,445,125,262,32,4,0,Colorado,4/1/2019,2019
5/1/2019,772,371,110,252,32,7,0,890,441,116,282,40,8,3,Colorado,5/1/2019,2019
6/1/2019,759,378,100,241,32,7,1,776,373,104,258,32,8,1,Colorado,6/1/2019,2019
7/1/2019,770,371,124,235,32,8,0,813,389,129,253,33,9,0,Colorado,7/1/2019,2019
8/1/2019,792,368,117,272,26,7,0,838,393,120,280,33,9,3,Colorado,8/1/2019,2019
9/1/2019,696,331,94,234,29,7,1,814,416,103,253,36,5,1,Colorado,9/1/2019,2019
10/1/2019,845,409,130,269,26,10,1,911,454,112,293,41,9,2,Colorado,10/1/2019,2019
11/1/2019,725,355,99,216,49,6,0,679,319,95,219,37,9,0,Colorado,11/1/2019,2019
12/1/2019,837,415,117,258,40,7,0,836,393,133,267,35,7,1,Colorado,12/1/2019,2019
1/1/2020,763,371,103,253,33,3,0,832,394,106,296,33,3,0,Colorado,1/1/2020,2020
2/1/2020,730,370,103,214,31,11,1,815,400,116,264,29,5,1,Colorado,2/1/2020,2020
3/1/2020,626,311,89,192,26,6,0,860,407,129,276,36,12,0,Colorado,3/1/2020,2020
4/1/2020,429,223,51,132,18,4,1,1371,671,164,450,66,17,3,Colorado,4/1/2020,2020
5/1/2020,363,164,47,127,16,5,4,984,486,145,298,48,5,2,Colorado,5/1/2020,2020
6/1/2020,451,237,58,124,21,5,6,825,411,124,243,36,10,1,Colorado,6/1/2020,2020
7/1/2020,435,213,59,136,21,3,0,727,357,103,219,42,6,0,Colorado,7/1/2020,2020
8/1/2020,433,212,60,142,14,3,1,676,346,102,184,32,8,4,Colorado,8/1/2020,2020
9/1/2020,468,226,53,160,24,1,4,712,358,91,223,29,9,3,Colorado,9/1/2020,2020
10/1/2020,438,210,66,129,26,4,3,578,277,66,201,24,8,1,Colorado,10/1/2020,2020
11/1/2020,340,157,46,121,11,2,2,507,247,62,168,24,4,2,Colorado,11/1/2020,2020
12/1/2020,408,190,45,153,14,1,2,686,336,76,231,35,5,3,Colorado,12/1/2020,2020
1/1/2021,412,205,54,124,17,6,6,503,245,70,166,13,6,3,Colorado,1/1/2021,2021
2/1/2021,408,193,48,141,18,1,7,568,279,84,177,20,4,4,Colorado,2/1/2021,2021
3/1/2021,457,222,82,133,12,2,6,621,285,98,204,26,7,1,Colorado,3/1/2021,2021
4/1/2021,460,228,62,138,23,1,8,649,326,90,205,21,4,3,Colorado,4/1/2021,2021
5/1/2021,422,214,57,134,13,1,0,434,183,61,166,18,6,0,Colorado,5/1/2021,2021
6/1/2021,455,238,68,121,18,6,3,508,248,82,146,24,7,1,Colorado,6/1/2021,2021
7/1/2021,484,236,71,143,26,2,6,449,217,64,143,21,2,2,Colorado,7/1/2021,2021
8/1/2021,530,288,61,157,13,6,5,479,230,67,148,28,3,3,Colorado,8/1/2021,2021
9/1/2021,448,232,55,131,23,3,2,509,249,69,165,19,4,3,Colorado,9/1/2021,2021
10/1/2021,562,278,86,156,37,4,1,389,207,52,112,11,5,2,Colorado,10/1/2021,2021
11/1/2021,503,275,71,135,15,2,0,445,209,73,136,23,4,0,Colorado,11/1/2021,2021
12/1/2021,493,237,74,157,16,7,0,521,251,75,173,16,5,1,Colorado,12/1/2021,2021
1/1/2019,2719,716,608,1243,0,0,152,3473,826,810,1643,0,0,194,California,1/1/2019,2019
2/1/2019,2583,640,598,1194,0,0,151,2826,758,613,1272,0,0,183,California,2/1/2019,2019
3/1/2019,3175,850,660,1501,0,0,164,3090,782,760,1375,0,0,173,California,3/1/2019,2019
4/1/2019,3095,1430,746,1430,0,0,178,3036,784,729,1358,0,0,165,California,4/1/2019,2019
5/1/2019,3053,779,682,1432,0,0,160,3775,1003,853,1673,0,0,246,California,5/1/2019,2019
6/1/2019,2962,732,706,1341,0,0,183,3362,830,827,1522,0,0,183,California,6/1/2019,2019
7/1/2019,3018,774,697,1383,0,0,164,3091,802,748,1358,0,0,183,California,7/1/2019,2019
8/1/2019,3032,728,735,1422,0,0,147,3217,767,727,1500,0,0,223,California,8/1/2019,2019
9/1/2019,2819,730,661,1271,0,0,157,2946,741,708,1328,0,0,169,California,9/1/2019,2019
10/1/2019,3178,767,752,1484,0,0,175,3241,855,750,1445,0,0,1911,California,10/1/2019,2019
11/1/2019,2592,635,549,1242,0,0,166,3050,809,682,1390,0,0,169,California,11/1/2019,2019
12/1/2019,2705,644,628,1282,0,0,151,3260,857,781,1426,0,0,196,California,12/1/2019,2019
1/1/2020,2788,667,628,1354,0,0,139,3092,782,755,1385,0,0,170,California,1/1/2020,2020
2/1/2020,2434,580,555,1155,0,0,144,2903,716,707,1301,0,0,179,California,2/1/2020,2020
3/1/2020,2272,570,547,1040,0,0,115,3117,807,715,1417,0,0,178,California,3/1/2020,2020
4/1/2020,9,2,2,4,0,0,1,4629,1171,1109,2085,0,0,264,California,4/1/2020,2020
5/1/2020,43,16,8,16,0,0,3,1554,410,407,637,0,0,100,California,5/1/2020,2020
6/1/2020,195,50,46,88,0,0,11,2878,761,705,1269,0,0,143,California,6/1/2020,2020
7/1/2020,9,2,2,4,0,0,1,7522,2083,1665,3319,0,0,455,California,7/1/2020,2020
8/1/2020,105,19,26,52,0,0,8,4682,1138,1108,2182,0,0,254,California,8/1/2020,2020
9/1/2020,538,130,131,253,0,0,24,3604,821,914,1641,0,0,228,California,9/1/2020,2020
10/1/2020,1562,544,288,645,0,0,85,2052,495,520,895,0,0,142,California,10/1/2020,2020
11/1/2020,1755,477,371,801,0,0,106,1940,501,468,852,0,0,119,California,11/1/2020,2020
12/1/2020,10,4,0,5,0,0,1,1995,474,506,891,0,0,124,California,12/1/2020,2020
1/1/2021,593,182,87,287,0,0,0,1820,403,462,851,0,0,104,California,1/1/2021,2021
2/1/2021,1746,548,302,817,0,0,79,1613,397,411,705,0,0,100,California,2/1/2021,2021
3/1/2021,2163,646,418,995,0,0,104,1825,454,410,851,0,0,110,California,3/1/2021,2021
4/1/2021,2540,688,576,1127,0,0,149,1851,447,459,838,0,0,107,California,4/1/2021,2021
5/1/2021,3084,750,706,1474,0,0,154,1759,445,427,801,0,0,86,California,5/1/2021,2021
6/1/2021,3330,904,736,1473,0,0,217,2005,492,472,921,0,0,120,California,6/1/2021,2021
7/1/2021,2961,694,640,1481,0,0,146,2459,631,580,1098,0,0,150,California,7/1/2021,2021
8/1/2021,2833,649,600,1432,0,0,152,2404,623,556,1099,0,0,126,California,8/1/2021,2021
9/1/2021,2441,550,495,1277,0,0,119,2748,647,629,1318,0,0,154,California,9/1/2021,2021
10/1/2021,2398,516,486,1292,0,0,104,2248,498,567,1041,0,0,142,California,10/1/2021,2021
11/1/2021,2508,543,581,1265,0,0,119,2361,581,580,1065,0,0,135,California,11/1/2021,2021
12/1/2021,2904,748,608,1416,0,0,132,2640,596,629,1282,0,0,133,California,12/1/2021,2021
